fund_name,VaR_95,CVaR_95
HDFC Top 100 Fund,-0.015106367060931164,-0.023282315395583328
